<?xml version="1.0" encoding="UTF-8"?>
<project-private xmlns="http://www.netbeans.org/ns/project-private/1">
    <editor-bookmarks xmlns="http://www.netbeans.org/ns/editor-bookmarks/2" lastBookmarkId="0"/>
    <open-files xmlns="http://www.netbeans.org/ns/projectui-open-files/2">
        <group>
            <file>file:/C:/Users/neele/Downloads/PayRoll-Management-System-master/PayRoll-Management-System-master/src/payrollsystem/Project.java</file>
            <file>file:/C:/Users/neele/Downloads/PayRoll-Management-System-master/PayRoll-Management-System-master/src/payrollsystem/Conn.java</file>
            <file>file:/C:/Users/neele/Downloads/PayRoll-Management-System-master/PayRoll-Management-System-master/src/payrollsystem/TakeAttendance.java</file>
            <file>file:/C:/Users/neele/Downloads/PayRoll-Management-System-master/PayRoll-Management-System-master/src/payrollsystem/Intro.java</file>
            <file>file:/C:/Users/neele/Downloads/PayRoll-Management-System-master/PayRoll-Management-System-master/src/payrollsystem/NewEmployee.java</file>
            <file>file:/C:/Users/neele/Downloads/PayRoll-Management-System-master/PayRoll-Management-System-master/src/payrollsystem/GeneratePaySlip.java</file>
            <file>file:/C:/Users/neele/Downloads/PayRoll-Management-System-master/PayRoll-Management-System-master/src/payrollsystem/UpdateSalary.java</file>
            <file>file:/C:/Users/neele/Downloads/PayRoll-Management-System-master/PayRoll-Management-System-master/src/payrollsystem/ListEmployee.java</file>
        </group>
    </open-files>
</project-private>
